{'cityPath': 'usa/new-york-city', 'pois': [{'path': '/usa/new-york-city/attractions/central-park/a/poi-sig/381791/362079', 'name': 'Central Park'}, {'path': '/usa/new-york-city/attractions/metropolitan-museum-of-art/a/poi-sig/1246350/362079', 'name': 'Metropolitan Museum of Art'}, {'path': '/usa/new-york-city/attractions/lincoln-center/a/poi-sig/382121/362079', 'name': 'Lincoln Center'}, {'path': '/usa/new-york-city/attractions/grand-central-terminal/a/poi-sig/1105843/362079', 'name': 'Grand Central Terminal'}, {'path': '/usa/new-york-city/attractions/ellis-island/a/poi-sig/382007/362079', 'name': 'Ellis Island'}, {'path': '/usa/new-york-city/attractions/chrysler-building/a/poi-sig/382115/362079', 'name': 'Chrysler Building'}, {'path': '/usa/new-york-city/attractions/brooklyn-bridge/a/poi-sig/1105821/362079', 'name': 'Brooklyn Bridge'}, {'path': '/usa/new-york-city/attractions/rockefeller-center/a/poi-sig/382119/362079', 'name': 'Rockefeller Center'}, {'path': '/usa/new-york-city/attractions/empire-state-building/a/poi-sig/381787/362079', 'name': 'Empire State Building'}]},
{'cityPath': 'usa/los-angeles', 'pois': [{'path': '/usa/los-angeles/attractions/broad/a/poi-sig/1490820/361824', 'name': 'Broad'}, {'path': '/usa/los-angeles/attractions/getty-villa/a/poi-sig/1130753/361824', 'name': 'Getty Villa'}, {'path': '/usa/los-angeles/attractions/santa-monica-pier/a/poi-sig/1071073/361824', 'name': 'Santa Monica Pier'}, {'path': '/usa/los-angeles/attractions/venice-boardwalk/a/poi-sig/380015/361824', 'name': 'Venice Boardwalk'}, {'path': '/usa/los-angeles/attractions/hollywood-museum/a/poi-sig/379997/361824', 'name': 'Hollywood Museum'}, {'path': '/usa/los-angeles/attractions/grammy-museum/a/poi-sig/1130664/361824', 'name': 'Grammy Museum'}, {'path': '/usa/los-angeles/attractions/museum-of-contemporary-art/a/poi-sig/1130646/361824', 'name': 'Museum of Contemporary Art'}, {'path': '/usa/los-angeles/attractions/museum-of-latin-american-art/a/poi-sig/1089019/361824', 'name': 'Museum of Latin American Art'}, {'path': '/usa/los-angeles/attractions/getty-center/a/poi-sig/1038471/361824', 'name': 'Getty Center'}]},
{'cityPath': 'usa/san-francisco', 'pois': [{'path': '/usa/san-francisco/attractions/anglim-gilbert-gallery/a/poi-sig/1553956/361858', 'name': 'Anglim Gilbert Gallery'}, {'path': '/usa/san-francisco/attractions/alcatraz/a/poi-sig/383435/361858', 'name': 'Alcatraz'}, {'path': '/usa/san-francisco/attractions/golden-gate-bridge/a/poi-sig/383417/361858', 'name': 'Golden Gate Bridge'}, {'path': '/usa/san-francisco/attractions/golden-gate-park/a/poi-sig/383395/361858', 'name': 'Golden Gate Park'}, {'path': '/usa/san-francisco/attractions/california-academy-of-sciences/a/poi-sig/383955/361858', 'name': 'California Academy of Sciences'}, {'path': '/usa/san-francisco/attractions/san-francisco-museum-of-modern-art/a/poi-sig/383419/361858', 'name': 'San Francisco Museum of Modern Art'}, {'path': '/usa/san-francisco/attractions/ferry-building/a/poi-sig/383997/361858', 'name': 'Ferry Building'}, {'path': '/usa/san-francisco/attractions/sea-lions-at-pier-39/a/poi-sig/1088756/361858', 'name': 'Sea Lions at Pier 39'}, {'path': '/usa/san-francisco/attractions/chinatown-alleyways/a/poi-sig/1338379/361858', 'name': 'Chinatown Alleyways'}]},
{'cityPath': 'usa/chicago', 'pois': [{'path': '/usa/chicago/attractions/field-museum-of-natural-history/a/poi-sig/378091/361932', 'name': 'Field Museum of Natural History'}, {'path': '/usa/chicago/attractions/millennium-park/a/poi-sig/378727/361932', 'name': 'Millennium Park'}, {'path': '/usa/chicago/attractions/art-institute-of-chicago/a/poi-sig/378083/361932', 'name': 'Art Institute of Chicago'}, {'path': '/usa/chicago/attractions/museum-of-science-industry/a/poi-sig/378729/361932', 'name': 'Museum of Science & Industry'}, {'path': '/usa/chicago/attractions/wrigley-field/a/poi-sig/1131189/361932', 'name': 'Wrigley Field'}, {'path': '/usa/chicago/attractions/willis-tower/a/poi-sig/378085/361932', 'name': 'Willis Tower'}, {'path': '/usa/chicago/attractions/navy-pier/a/poi-sig/1247046/361932', 'name': 'Navy Pier'}, {'path': '/usa/chicago/attractions/360-chicago/a/poi-sig/378633/361932', 'name': '360° Chicago'}, {'path': '/usa/chicago/attractions/museum-of-contemporary-art/a/poi-sig/378649/361932', 'name': 'Museum of Contemporary Art'}]},
{'cityPath': 'usa/seattle', 'pois': [{'path': '/usa/seattle/attractions/pike-place-market/a/poi-sig/384597/362101', 'name': 'Pike Place Market'}, {'path': '/usa/seattle/attractions/museum-of-pop-culture/a/poi-sig/385057/362101', 'name': 'Museum of Pop Culture'}, {'path': '/usa/seattle/attractions/chihuly-garden-glass/a/poi-sig/1392634/362101', 'name': 'Chihuly Garden & Glass'}, {'path': '/usa/seattle/attractions/space-needle/a/poi-sig/385121/362101', 'name': 'Space Needle'}, {'path': '/usa/seattle/attractions/museum-of-flight/a/poi-sig/385089/362101', 'name': 'Museum of Flight'}, {'path': '/usa/seattle/attractions/hiram-m-chittenden-locks/a/poi-sig/385075/362101', 'name': 'Hiram M Chittenden Locks'}, {'path': '/usa/seattle/attractions/olympic-sculpture-park/a/poi-sig/385093/362101', 'name': 'Olympic Sculpture Park'}, {'path': '/usa/seattle/attractions/nordic-heritage-museum/a/poi-sig/385091/362101', 'name': 'Nordic Heritage Museum'}, {'path': '/usa/seattle/attractions/klondike-gold-rush-national-historical-park/a/poi-sig/384603/362101', 'name': 'Klondike Gold Rush National Historical Park'}]},
{'cityPath': 'usa/washington-dc', 'pois': [{'path': '/usa/washington-dc/attractions/washington-national-cathedral/a/poi-sig/386155/362241', 'name': 'Washington National Cathedral'}, {'path': '/usa/washington-dc/attractions/capitol/a/poi-sig/385385/362241', 'name': 'Capitol'}, {'path': '/usa/washington-dc/attractions/white-house/a/poi-sig/385365/362241', 'name': 'White House'}, {'path': '/usa/washington-dc/attractions/united-states-holocaust-memorial-museum/a/poi-sig/1246945/362241', 'name': 'United States Holocaust Memorial Museum'}, {'path': '/usa/washington-dc/attractions/reynolds-center-for-american-art-portraiture/a/poi-sig/1070996/362241', 'name': 'Reynolds Center for American Art & Portraiture'}, {'path': '/usa/washington-dc/attractions/library-of-congress/a/poi-sig/385387/362241', 'name': 'Library of Congress'}, {'path': '/usa/washington-dc/attractions/corcoran-gallery-of-art/a/poi-sig/386207/362241', 'name': 'Corcoran Gallery of Art'}, {'path': '/usa/washington-dc/attractions/washington-monument/a/poi-sig/385389/362241', 'name': 'Washington Monument'}, {'path': '/usa/washington-dc/attractions/national-archives/a/poi-sig/386087/362241', 'name': 'National Archives'}]},
{'cityPath': 'usa/boston', 'pois': [{'path': '/usa/boston/attractions/boston-tea-party-ships-museum/a/poi-sig/1076317/362022', 'name': 'Boston Tea Party Ships & Museum'}, {'path': '/usa/boston/attractions/harvard-university/a/poi-sig/1076319/362022', 'name': 'Harvard University'}, {'path': '/usa/boston/attractions/boston-public-library/a/poi-sig/1126215/362022', 'name': 'Boston Public Library'}, {'path': '/usa/boston/attractions/trinity-church/a/poi-sig/377985/362022', 'name': 'Trinity Church'}, {'path': '/usa/boston/attractions/new-england-aquarium/a/poi-sig/1076308/362022', 'name': 'New England Aquarium'}, {'path': '/usa/boston/attractions/isabella-stewart-gardner-museum/a/poi-sig/377127/362022', 'name': 'Isabella Stewart Gardner Museum'}, {'path': '/usa/boston/attractions/massachusetts-institute-of-technology/a/poi-sig/1200024/362022', 'name': 'Massachusetts Institute of Technology'}, {'path': '/usa/boston/attractions/museum-of-science/a/poi-sig/377947/362022', 'name': 'Museum of Science'}, {'path': '/usa/boston/attractions/charles-river-esplanade/a/poi-sig/1076462/362022', 'name': 'Charles River Esplanade'}]},
{'cityPath': 'usa/new-orleans', 'pois': [{'path': '/usa/new-orleans/attractions/national-wwii-museum/a/poi-sig/381219/362207', 'name': 'National WWII Museum'}, {'path': '/usa/new-orleans/attractions/lafayette-cemetery-no-1/a/poi-sig/381595/362207', 'name': 'Lafayette Cemetery No 1'}, {'path': '/usa/new-orleans/attractions/city-park/a/poi-sig/381255/362207', 'name': 'City Park'}, {'path': '/usa/new-orleans/attractions/ogden-museum-of-southern-art/a/poi-sig/381221/362207', 'name': 'Ogden Museum of Southern Art'}, {'path': '/usa/new-orleans/attractions/jackson-square/a/poi-sig/381165/362207', 'name': 'Jackson Square'}, {'path': '/usa/new-orleans/attractions/cabildo/a/poi-sig/381577/362207', 'name': 'Cabildo'}, {'path': '/usa/new-orleans/attractions/backstreet-cultural-museum/a/poi-sig/381253/362207', 'name': 'Backstreet Cultural Museum'}, {'path': '/usa/new-orleans/attractions/st-louis-cathedral/a/poi-sig/381293/362207', 'name': 'St Louis Cathedral'}, {'path': '/usa/new-orleans/attractions/st-louis-cemetery-no-1/a/poi-sig/381167/362207', 'name': 'St Louis Cemetery No 1'}]},
{'cityPath': 'usa/las-vegas', 'pois': [{'path': '/usa/las-vegas/attractions/mob-museum/a/poi-sig/1405329/362150', 'name': 'Mob Museum'}, {'path': '/usa/las-vegas/attractions/golden-nugget/a/poi-sig/1251087/362150', 'name': 'Golden Nugget'}, {'path': '/usa/las-vegas/attractions/citycenter/a/poi-sig/1251120/362150', 'name': 'CityCenter'}, {'path': '/usa/las-vegas/attractions/voodoo-zipline/a/poi-sig/1551625/362150', 'name': 'VooDoo ZipLine'}, {'path': '/usa/las-vegas/attractions/seven-magic-mountains/a/poi-sig/1565561/362150', 'name': 'Seven Magic Mountains'}, {'path': '/usa/las-vegas/attractions/clark-county-museum/a/poi-sig/1565557/362150', 'name': 'Clark County Museum'}, {'path': '/usa/las-vegas/attractions/las-vegas-natural-history-museum/a/poi-sig/1551600/362150', 'name': 'Las Vegas Natural History Museum'}, {'path': '/usa/las-vegas/attractions/gilcrease-orchard/a/poi-sig/1554123/362150', 'name': 'Gilcrease Orchard'}, {'path': '/usa/las-vegas/attractions/clark-county-wetlands-park/a/poi-sig/1551626/362150', 'name': 'Clark County Wetlands Park'}]},
{'cityPath': 'usa/miami', 'pois': [{'path': '/usa/miami/attractions/bill-baggs-cape-florida-state-park/a/poi-sig/380203/361916', 'name': 'Bill Baggs Cape Florida State Park'}, {'path': '/usa/miami/attractions/wolfsonian-fiu/a/poi-sig/1130237/361916', 'name': 'Wolfsonian-FIU'}, {'path': '/usa/miami/attractions/vizcaya-museum-gardens/a/poi-sig/380207/361916', 'name': 'Vizcaya Museum & Gardens'}, {'path': '/usa/miami/attractions/historymiami/a/poi-sig/1250824/361916', 'name': 'HistoryMiami'}, {'path': '/usa/miami/attractions/cuba-ocho/a/poi-sig/380257/361916', 'name': 'Cuba Ocho'}, {'path': '/usa/miami/attractions/perez-art-museum-miami/a/poi-sig/380245/361916', 'name': 'Pérez Art Museum Miami'}, {'path': '/usa/miami/attractions/maximo-gomez-park/a/poi-sig/380391/361916', 'name': 'Máximo Gómez Park'}, {'path': '/usa/miami/attractions/fairchild-tropical-garden/a/poi-sig/380357/361916', 'name': 'Fairchild Tropical Garden'}, {'path': '/usa/miami/attractions/wynwood-walls/a/poi-sig/1346548/361916', 'name': 'Wynwood Walls'}]},
{'cityPath': 'new-zealand/auckland', 'pois': [{'path': '/new-zealand/auckland/attractions/one-tree-hill/a/poi-sig/416312/362646', 'name': 'One Tree Hill'}, {'path': '/new-zealand/auckland/attractions/goat-island-marine-reserve/a/poi-sig/1530680/362646', 'name': 'Goat Island Marine Reserve'}, {'path': '/new-zealand/auckland/attractions/auckland-museum/a/poi-sig/1073547/362646', 'name': 'Auckland Museum'}, {'path': '/new-zealand/auckland/attractions/mt-eden/a/poi-sig/416304/362646', 'name': 'Mt Eden'}, {'path': '/new-zealand/auckland/attractions/wallace-arts-centre/a/poi-sig/1214191/362646', 'name': 'Wallace Arts Centre'}, {'path': '/new-zealand/auckland/attractions/auckland-art-gallery/a/poi-sig/1073542/362646', 'name': 'Auckland Art Gallery'}, {'path': '/new-zealand/auckland/attractions/auckland-zoo/a/poi-sig/1073543/362646', 'name': 'Auckland Zoo'}, {'path': '/new-zealand/auckland/attractions/north-head/a/poi-sig/1092893/362646', 'name': 'North Head'}, {'path': '/new-zealand/auckland/attractions/villa-maria/a/poi-sig/1155218/362646', 'name': 'Villa Maria'}]},
{'cityPath': 'new-zealand/wellington', 'pois': [{'path': '/new-zealand/wellington/attractions/te-papa/a/poi-sig/440836/362813', 'name': 'Te Papa'}, {'path': '/new-zealand/wellington/attractions/zealandia/a/poi-sig/440850/362813', 'name': 'Zealandia'}, {'path': '/new-zealand/wellington/attractions/city-gallery-wellington/a/poi-sig/1172734/362813', 'name': 'City Gallery Wellington'}, {'path': '/new-zealand/wellington/attractions/wellington-botanic-gardens/a/poi-sig/440814/362813', 'name': 'Wellington Botanic Gardens'}, {'path': '/new-zealand/wellington/attractions/mt-victoria-lookout/a/poi-sig/1199318/362813', 'name': 'Mt Victoria Lookout'}, {'path': '/new-zealand/wellington/attractions/dowse-art-museum/a/poi-sig/1172853/362813', 'name': 'Dowse Art Museum'}, {'path': '/new-zealand/wellington/attractions/wellington-cable-car/a/poi-sig/440816/362813', 'name': 'Wellington Cable Car'}, {'path': '/new-zealand/wellington/attractions/weta-cave/a/poi-sig/1172819/362813', 'name': 'Weta Cave'}, {'path': '/new-zealand/wellington/attractions/wellington-museum/a/poi-sig/440838/362813', 'name': 'Wellington Museum'}]},
{'cityPath': 'china/hong-kong', 'pois': [{'path': '/china/hong-kong/attractions/man-mo-temple/a/poi-sig/363655/355975', 'name': 'Man Mo Temple'}, {'path': '/china/hong-kong/attractions/victoria-peak/a/poi-sig/1245445/355975', 'name': 'Victoria Peak'}, {'path': '/china/hong-kong/attractions/tsim-sha-tsui-east-promenade/a/poi-sig/364385/355975', 'name': 'Tsim Sha Tsui East Promenade'}, {'path': '/china/hong-kong/attractions/po-lin-monastery-big-buddha/a/poi-sig/1100809/355975', 'name': 'Po Lin Monastery & Big Buddha'}, {'path': '/china/hong-kong/attractions/peak-tram/a/poi-sig/1102585/355975', 'name': 'Peak Tram'}, {'path': '/china/hong-kong/attractions/lai-chi-wo/a/poi-sig/1535939/355975', 'name': 'Lai Chi Wo'}, {'path': '/china/hong-kong/attractions/sik-sik-yuen-wong-tai-sin-temple/a/poi-sig/364221/355975', 'name': 'Sik Sik Yuen Wong Tai Sin Temple'}, {'path': '/china/hong-kong/attractions/temple-street-night-market/a/poi-sig/1241034/355975', 'name': 'Temple Street Night Market'}, {'path': '/china/hong-kong/attractions/chi-lin-nunnery/a/poi-sig/364167/355975', 'name': 'Chi Lin Nunnery'}]},
{'cityPath': 'china/shanghai', 'pois': [{'path': '/china/shanghai/attractions/m50/a/poi-sig/1242142/356068', 'name': 'M50'}, {'path': '/china/shanghai/attractions/yuyuan-gardens-bazaar/a/poi-sig/369123/356068', 'name': 'Yùyuán Gardens & Bazaar'}, {'path': '/china/shanghai/attractions/the-bund/a/poi-sig/1414348/356068', 'name': 'The Bund'}, {'path': '/china/shanghai/attractions/jing-an-temple/a/poi-sig/369583/356068', 'name': 'Jìng’ān Temple'}, {'path': '/china/shanghai/attractions/jade-buddha-temple/a/poi-sig/369199/356068', 'name': 'Jade Buddha Temple'}, {'path': '/china/shanghai/attractions/shangh-i-tower/a/poi-sig/1419097/356068', 'name': 'Shànghǎi Tower'}, {'path': '/china/shanghai/attractions/tianz-fang/a/poi-sig/1242161/356068', 'name': 'Tiánzǐfáng'}, {'path': '/china/shanghai/attractions/shangh-i-natural-history-museum/a/poi-sig/1536659/356068', 'name': 'Shànghǎi Natural History Museum'}, {'path': '/china/shanghai/attractions/xintiandi/a/poi-sig/369553/356068', 'name': 'Xīntiāndì'}]},
{'cityPath': 'china/beijing', 'pois': [{'path': '/china/beijing/attractions/forbidden-city/a/poi-sig/368617/355905', 'name': 'Forbidden City'}, {'path': '/china/beijing/attractions/temple-of-heaven-park/a/poi-sig/1106060/355905', 'name': 'Temple of Heaven Park'}, {'path': '/china/beijing/attractions/summer-palace/a/poi-sig/1106248/355905', 'name': 'Summer Palace'}, {'path': '/china/beijing/attractions/798-art-district/a/poi-sig/1106265/355905', 'name': '798 Art District'}, {'path': '/china/beijing/attractions/lama-temple/a/poi-sig/368643/355905', 'name': 'Lama Temple'}, {'path': '/china/beijing/attractions/tian-anmen-square/a/poi-sig/368619/355905', 'name': 'Tiān’ānmén Square'}, {'path': '/china/beijing/attractions/chairman-mao-memorial-hall/a/poi-sig/368803/355905', 'name': 'Chairman Mao Memorial Hall'}, {'path': '/china/beijing/attractions/bell-tower/a/poi-sig/368797/355905', 'name': 'Bell Tower'}, {'path': '/china/beijing/attractions/national-museum-of-china/a/poi-sig/1311898/355905', 'name': 'National Museum of China'}]},
{'cityPath': 'china/tibet/lhasa', 'pois': [{'path': '/china/tibet/lhasa/attractions/potala-palace/a/poi-sig/435266/356124', 'name': 'Potala Palace'}, {'path': '/china/tibet/lhasa/attractions/jokhang-temple/a/poi-sig/435224/356124', 'name': 'Jokhang Temple'}, {'path': '/china/tibet/lhasa/attractions/chagpo-ri-rock-carvings/a/poi-sig/1441168/356124', 'name': 'Chagpo Ri Rock Carvings'}, {'path': '/china/tibet/lhasa/attractions/red-palace/a/poi-sig/1494733/356124', 'name': 'Red Palace'}, {'path': '/china/tibet/lhasa/attractions/white-palace/a/poi-sig/1494732/356124', 'name': 'White Palace'}, {'path': '/china/tibet/lhasa/attractions/barkhor-square/a/poi-sig/1442159/356124', 'name': 'Barkhor Square'}, {'path': '/china/tibet/lhasa/attractions/tibet-museum/a/poi-sig/435270/356124', 'name': 'Tibet Museum'}, {'path': '/china/tibet/lhasa/attractions/ramoche-temple/a/poi-sig/1442230/356124', 'name': 'Ramoche Temple'}, {'path': '/china/tibet/lhasa/attractions/gyume-tratsang/a/poi-sig/1442672/356124', 'name': 'Gyüme Tratsang'}]},
{'cityPath': 'china/guangdong/guangzhou', 'pois': [{'path': '/china/guangdong/guangzhou/attractions/shamian-island/a/poi-sig/1102506/355940', 'name': 'Shāmiàn Island'}, {'path': '/china/guangdong/guangzhou/attractions/chen-clan-ancestral-hall/a/poi-sig/1102498/355940', 'name': 'Chen Clan Ancestral Hall'}, {'path': '/china/guangdong/guangzhou/attractions/yuyin-mountain-villa/a/poi-sig/1494760/355940', 'name': 'Yúyìn Mountain Villa'}, {'path': '/china/guangdong/guangzhou/attractions/mausoleum-of-the-nanyue-king/a/poi-sig/1102492/355940', 'name': 'Mausoleum of the Nányuè King'}, {'path': '/china/guangdong/guangzhou/attractions/new-gu-ngdong-museum/a/poi-sig/1239592/355940', 'name': 'New Guǎngdōng Museum'}, {'path': '/china/guangdong/guangzhou/attractions/yuexiu-park/a/poi-sig/1102494/355940', 'name': 'Yuèxiù Park'}, {'path': '/china/guangdong/guangzhou/attractions/temple-of-the-six-banyan-trees/a/poi-sig/1102501/355940', 'name': 'Temple of the Six Banyan Trees'}, {'path': '/china/guangdong/guangzhou/attractions/gu-ngzhou-opera-house/a/poi-sig/1336903/355940', 'name': 'Guǎngzhōu Opera House'}, {'path': '/china/guangdong/guangzhou/attractions/gu-ngzhou-big-buddha-temple/a/poi-sig/1537021/355940', 'name': 'Guǎngzhōu Big Buddha Temple'}]},
{'cityPath': 'china/sichuan/chengdu', 'pois': [{'path': '/china/sichuan/chengdu/attractions/giant-panda-breeding-research-base/a/poi-sig/472728/356085', 'name': 'Giant Panda Breeding Research Base'}, {'path': '/china/sichuan/chengdu/attractions/wenshu-temple/a/poi-sig/472742/356085', 'name': 'Wénshū Temple'}, {'path': '/china/sichuan/chengdu/attractions/people-s-park/a/poi-sig/472734/356085', 'name': 'People’s Park'}, {'path': '/china/sichuan/chengdu/attractions/jinsha-site-museum/a/poi-sig/1240326/356085', 'name': 'Jīnshā Site Museum'}, {'path': '/china/sichuan/chengdu/attractions/chengdu-museum-of-contemporary-art/a/poi-sig/1541266/356085', 'name': 'Chéngdū Museum of Contemporary Art'}, {'path': '/china/sichuan/chengdu/attractions/w-hou-temple/a/poi-sig/472744/356085', 'name': 'Wǔhóu Temple'}, {'path': '/china/sichuan/chengdu/attractions/qingyang-temple/a/poi-sig/472730/356085', 'name': 'Qīngyáng Temple'}, {'path': '/china/sichuan/chengdu/attractions/chengdu-museum/a/poi-sig/1543456/356085', 'name': 'Chéngdū Museum'}, {'path': '/china/sichuan/chengdu/attractions/tomb-of-wang-jian/a/poi-sig/472738/356085', 'name': 'Tomb of Wáng Jiàn'}]},
{'cityPath': 'china/zhejiang/hangzhou', 'pois': [{'path': '/china/zhejiang/hangzhou/attractions/west-lake/a/poi-sig/473520/356175', 'name': 'West Lake'}, {'path': '/china/zhejiang/hangzhou/attractions/lingy-n-temple/a/poi-sig/1096625/356175', 'name': 'Língyǐn Temple'}, {'path': '/china/zhejiang/hangzhou/attractions/dragon-well-tea-village/a/poi-sig/1437342/356175', 'name': 'Dragon Well Tea Village'}, {'path': '/china/zhejiang/hangzhou/attractions/jingci-temple/a/poi-sig/473504/356175', 'name': 'Jìngcí Temple'}, {'path': '/china/zhejiang/hangzhou/attractions/sunrise-terrace/a/poi-sig/1418425/356175', 'name': 'Sunrise Terrace'}, {'path': '/china/zhejiang/hangzhou/attractions/six-harmonies-pagoda/a/poi-sig/473516/356175', 'name': 'Six Harmonies Pagoda'}, {'path': '/china/zhejiang/hangzhou/attractions/qinghefang-old-street/a/poi-sig/473530/356175', 'name': 'Qīnghéfāng Old Street'}, {'path': '/china/zhejiang/hangzhou/attractions/huqingyu-tang-chinese-medicine-museum/a/poi-sig/473502/356175', 'name': 'Húqìngyú Táng Chinese Medicine Museum'}, {'path': '/china/zhejiang/hangzhou/attractions/china-national-silk-museum/a/poi-sig/1096638/356175', 'name': 'China National Silk Museum'}]},
{'cityPath': 'china/shandong/qingdao', 'pois': [{'path': '/china/shandong/qingdao/attractions/han-dynasty-brick-museum/a/poi-sig/1499195/356071', 'name': 'Han Dynasty Brick Museum'}, {'path': '/china/shandong/qingdao/attractions/st-michael-s-cathedral/a/poi-sig/473134/356071', 'name': 'St Michael’s Cathedral'}, {'path': '/china/shandong/qingdao/attractions/zhongshan-park/a/poi-sig/473148/356071', 'name': 'Zhōngshān Park'}, {'path': '/china/shandong/qingdao/attractions/governor-s-house-museum/a/poi-sig/1436974/356071', 'name': 'Governor’s House Museum'}, {'path': '/china/shandong/qingdao/attractions/tsingtao-beer-museum/a/poi-sig/1238017/356071', 'name': 'Tsingtao Beer Museum'}, {'path': '/china/shandong/qingdao/attractions/tianhou-temple/a/poi-sig/473138/356071', 'name': 'Tiānhòu Temple'}, {'path': '/china/shandong/qingdao/attractions/little-qingd-o/a/poi-sig/473120/356071', 'name': 'Little Qīngdǎo'}, {'path': '/china/shandong/qingdao/attractions/shil-oren-beach/a/poi-sig/1499400/356071', 'name': 'Shílǎorén Beach'}, {'path': '/china/shandong/qingdao/attractions/protestant-church/a/poi-sig/473128/356071', 'name': 'Protestant Church'}]},
{'cityPath': 'china/shandong/taian', 'pois': [{'path': '/china/shandong/taian/attractions/dai-temple/a/poi-sig/1237755/356073', 'name': 'Dài Temple'}, {'path': '/china/shandong/taian/attractions/pervading-light-temple/a/poi-sig/1436921/356073', 'name': 'Pervading Light Temple'}, {'path': '/china/shandong/taian/attractions/azure-clouds-temple/a/poi-sig/1238826/356073', 'name': 'Azure Clouds Temple'}, {'path': '/china/shandong/taian/attractions/north-pointing-rock/a/poi-sig/1454452/356073', 'name': 'North Pointing Rock'}, {'path': '/china/shandong/taian/attractions/red-gate-palace/a/poi-sig/1238824/356073', 'name': 'Red Gate Palace'}, {'path': '/china/shandong/taian/attractions/yaocan-pavilion/a/poi-sig/1237749/356073', 'name': 'Yáocān Pavilion'}, {'path': '/china/shandong/taian/attractions/tai-shan/a/poi-sig/1016914/356073', 'name': 'Tài Shān'}, {'path': '/china/shandong/taian/attractions/d-um-hall/a/poi-sig/1499027/356073', 'name': 'Dǒumǔ Hall'}, {'path': '/china/shandong/taian/attractions/hall-of-heavenly-blessing/a/poi-sig/1237742/356073', 'name': 'Hall of Heavenly Blessing'}]},
{'cityPath': 'china/shaanxi-shanxi/xian', 'pois': [{'path': '/china/shaanxi-shanxi/xian/attractions/army-of-terracotta-warriors/a/poi-sig/1016918/356065', 'name': 'Army of Terracotta Warriors'}, {'path': '/china/shaanxi-shanxi/xian/attractions/xi-an-city-walls/a/poi-sig/475738/356065', 'name': 'Xī’ān City Walls'}, {'path': '/china/shaanxi-shanxi/xian/attractions/big-goose-pagoda/a/poi-sig/475736/356065', 'name': 'Big Goose Pagoda'}, {'path': '/china/shaanxi-shanxi/xian/attractions/tomb-of-emperor-jingdi/a/poi-sig/1239657/356065', 'name': 'Tomb of Emperor Jingdi'}, {'path': '/china/shaanxi-shanxi/xian/attractions/f-men-temple/a/poi-sig/1239678/356065', 'name': 'Fǎmén Temple'}, {'path': '/china/shaanxi-shanxi/xian/attractions/gu-ngren-temple/a/poi-sig/1535996/356065', 'name': 'Guǎngrén Temple'}, {'path': '/china/shaanxi-shanxi/xian/attractions/imperial-tombs/a/poi-sig/1239677/356065', 'name': 'Imperial Tombs'}, {'path': '/china/shaanxi-shanxi/xian/attractions/great-mosque/a/poi-sig/475748/356065', 'name': 'Great Mosque'}, {'path': '/china/shaanxi-shanxi/xian/attractions/tomb-of-qin-shi-huang/a/poi-sig/1239391/356065', 'name': 'Tomb of Qin Shi Huang'}]},
{'cityPath': 'egypt/cairo', 'pois': [{'path': '/egypt/cairo/attractions/pyramids-of-giza/a/poi-sig/1432031/355225', 'name': 'Pyramids of Giza'}, {'path': '/egypt/cairo/attractions/egyptian-museum/a/poi-sig/1021384/355225', 'name': 'Egyptian Museum'}, {'path': '/egypt/cairo/attractions/khan-al-khalili/a/poi-sig/406432/355225', 'name': 'Khan al-Khalili'}, {'path': '/egypt/cairo/attractions/al-azhar-mosque/a/poi-sig/406208/355225', 'name': 'Al-Azhar Mosque'}, {'path': '/egypt/cairo/attractions/mosque-madrassa-of-sultan-hassan/a/poi-sig/406356/355225', 'name': 'Mosque-Madrassa of Sultan Hassan'}, {'path': '/egypt/cairo/attractions/coptic-museum/a/poi-sig/406474/355225', 'name': 'Coptic Museum'}, {'path': '/egypt/cairo/attractions/mosque-of-qaitbey/a/poi-sig/1431130/355225', 'name': 'Mosque of Qaitbey'}, {'path': '/egypt/cairo/attractions/mahmoud-mukhtar-museum/a/poi-sig/1076128/355225', 'name': 'Mahmoud Mukhtar Museum'}, {'path': '/egypt/cairo/attractions/agricultural-museum/a/poi-sig/406204/355225', 'name': 'Agricultural Museum'}]},
{'cityPath': 'egypt/red-sea-coast/hurghada', 'pois': [{'path': '/egypt/red-sea-coast/hurghada/attractions/gota-abu-ramada/a/poi-sig/1426644/355257', 'name': 'Gota Abu Ramada'}, {'path': '/egypt/red-sea-coast/hurghada/attractions/umm-qamar/a/poi-sig/1426639/355257', 'name': 'Umm Qamar'}, {'path': '/egypt/red-sea-coast/hurghada/attractions/giftun-islands/a/poi-sig/1426640/355257', 'name': 'Giftun Islands'}, {'path': '/egypt/red-sea-coast/hurghada/attractions/hurghada-public-beach/a/poi-sig/1427048/355257', 'name': 'Hurghada Public Beach'}, {'path': '/egypt/red-sea-coast/hurghada/attractions/shedwan-island-lighthouse/a/poi-sig/1453534/355257', 'name': 'Shedwan Island Lighthouse'}, {'path': '/egypt/red-sea-coast/hurghada/attractions/ashrafi-island-lighthouse/a/poi-sig/1453535/355257', 'name': 'Ashrafi Island Lighthouse'}, {'path': '/egypt/red-sea-coast/hurghada/attractions/stingray-station/a/poi-sig/1453531/355257', 'name': 'Stingray Station'}, {'path': '/egypt/red-sea-coast/hurghada/attractions/alternatives/a/poi-sig/1453532/355257', 'name': 'Alternatives'}, {'path': '/egypt/red-sea-coast/hurghada/attractions/siyul-kebira/a/poi-sig/1426637/355257', 'name': 'Siyul Kebira'}]},
{'cityPath': 'italy/rome', 'pois': [{'path': '/italy/rome/attractions/vatican-museums/a/poi-sig/1256585/359975', 'name': 'Vatican Museums'}, {'path': '/italy/rome/attractions/roman-forum/a/poi-sig/389047/359975', 'name': 'Roman Forum'}, {'path': '/italy/rome/attractions/st-peter-s-basilica/a/poi-sig/1256581/359975', 'name': "St Peter's Basilica"}, {'path': '/italy/rome/attractions/palatino/a/poi-sig/1090383/359975', 'name': 'Palatino'}, {'path': '/italy/rome/attractions/museo-e-galleria-borghese/a/poi-sig/389101/359975', 'name': 'Museo e Galleria Borghese'}, {'path': '/italy/rome/attractions/colosseum/a/poi-sig/1160430/359975', 'name': 'Colosseum'}, {'path': '/italy/rome/attractions/capitoline-museums/a/poi-sig/389381/359975', 'name': 'Capitoline Museums'}, {'path': '/italy/rome/attractions/pantheon/a/poi-sig/389093/359975', 'name': 'Pantheon'}, {'path': '/italy/rome/attractions/basilica-di-san-giovanni-in-laterano/a/poi-sig/389103/359975', 'name': 'Basilica di San Giovanni in Laterano'}]},
{'cityPath': 'italy/venice', 'pois': [{'path': '/italy/venice/attractions/palazzo-ducale/a/poi-sig/399883/360029', 'name': 'Palazzo Ducale'}, {'path': '/italy/venice/attractions/gallerie-dell-accademia/a/poi-sig/399885/360029', 'name': "Gallerie dell'Accademia"}, {'path': '/italy/venice/attractions/basilica-di-san-marco/a/poi-sig/1097875/360029', 'name': 'Basilica di San Marco'}, {'path': '/italy/venice/attractions/peggy-guggenheim-collection/a/poi-sig/399959/360029', 'name': 'Peggy Guggenheim Collection'}, {'path': '/italy/venice/attractions/basilica-di-santa-maria-della-salute/a/poi-sig/399961/360029', 'name': 'Basilica di Santa Maria della Salute'}, {'path': '/italy/venice/attractions/the-ghetto/a/poi-sig/400345/360029', 'name': 'The Ghetto'}, {'path': '/italy/venice/attractions/scuola-grande-di-san-rocco/a/poi-sig/400371/360029', 'name': 'Scuola Grande di San Rocco'}, {'path': '/italy/venice/attractions/ca-rezzonico/a/poi-sig/399933/360029', 'name': "Ca' Rezzonico"}, {'path': '/italy/venice/attractions/fondazione-giorgio-cini/a/poi-sig/400323/360029', 'name': 'Fondazione Giorgio Cini'}]},
{'cityPath': 'italy/florence', 'pois': [{'path': '/italy/florence/attractions/galleria-degli-uffizi/a/poi-sig/1157282/360059', 'name': 'Galleria degli Uffizi'}, {'path': '/italy/florence/attractions/basilica-di-santa-maria-novella/a/poi-sig/388407/360059', 'name': 'Basilica di Santa Maria Novella'}, {'path': '/italy/florence/attractions/palazzo-vecchio/a/poi-sig/1255748/360059', 'name': 'Palazzo Vecchio'}, {'path': '/italy/florence/attractions/museo-di-san-marco/a/poi-sig/1213653/360059', 'name': 'Museo di San Marco'}, {'path': '/italy/florence/attractions/duomo/a/poi-sig/388337/360059', 'name': 'Duomo'}, {'path': '/italy/florence/attractions/grande-museo-del-duomo/a/poi-sig/388799/360059', 'name': 'Grande Museo del Duomo'}, {'path': '/italy/florence/attractions/cupola-del-brunelleschi/a/poi-sig/1343900/360059', 'name': 'Cupola del Brunelleschi'}, {'path': '/italy/florence/attractions/galleria-dell-accademia/a/poi-sig/1087169/360059', 'name': "Galleria dell'Accademia"}, {'path': '/italy/florence/attractions/museo-novecento/a/poi-sig/1511850/360059', 'name': 'Museo Novecento'}]},
{'cityPath': 'italy/milan', 'pois': [{'path': '/italy/milan/attractions/the-last-supper/a/poi-sig/1215052/359947', 'name': 'The Last Supper'}, {'path': '/italy/milan/attractions/duomo/a/poi-sig/1137450/359947', 'name': 'Duomo'}, {'path': '/italy/milan/attractions/cimitero-monumentale/a/poi-sig/405548/359947', 'name': 'Cimitero Monumentale'}, {'path': '/italy/milan/attractions/museo-nazionale-della-scienza-e-della-tecnologia/a/poi-sig/405580/359947', 'name': 'Museo Nazionale della Scienza e della Tecnologia'}, {'path': '/italy/milan/attractions/pinacoteca-di-brera/a/poi-sig/1137628/359947', 'name': 'Pinacoteca di Brera'}, {'path': '/italy/milan/attractions/museo-poldi-pezzoli/a/poi-sig/405600/359947', 'name': 'Museo Poldi Pezzoli'}, {'path': '/italy/milan/attractions/chiesa-di-san-maurizio/a/poi-sig/405620/359947', 'name': 'Chiesa di San Maurizio'}, {'path': '/italy/milan/attractions/quadrilatero-d-oro/a/poi-sig/1256164/359947', 'name': "Quadrilatero d'Oro"}, {'path': '/italy/milan/attractions/castello-sforzesco/a/poi-sig/1137618/359947', 'name': 'Castello Sforzesco'}]},
{'cityPath': 'italy/sicily', 'pois': [{'path': '/italy/sicily/attractions/valley-of-the-temples/a/poi-sig/1374041/359993', 'name': 'Valley of the Temples'}, {'path': '/italy/sicily/attractions/cattedrale-di-monreale/a/poi-sig/1137549/359993', 'name': 'Cattedrale di Monreale'}, {'path': '/italy/sicily/attractions/cappella-palatina/a/poi-sig/458749/359993', 'name': 'Cappella Palatina'}, {'path': '/italy/sicily/attractions/parco-archeologico-della-neapolis/a/poi-sig/471856/359993', 'name': 'Parco Archeologico della Neapolis'}, {'path': '/italy/sicily/attractions/villa-romana-del-casale/a/poi-sig/1408603/359993', 'name': 'Villa Romana del Casale'}, {'path': '/italy/sicily/attractions/piazza-del-duomo/a/poi-sig/1372278/359993', 'name': 'Piazza del Duomo'}, {'path': '/italy/sicily/attractions/stromboli-crater/a/poi-sig/1372147/359993', 'name': 'Stromboli Crater'}, {'path': '/italy/sicily/attractions/ragusa-ibla/a/poi-sig/1372407/359993', 'name': 'Ragusa Ibla'}, {'path': '/italy/sicily/attractions/tempio-della-concordia/a/poi-sig/471572/359993', 'name': 'Tempio della Concordia'}]},
{'cityPath': 'italy/puglia/otranto', 'pois': []},
{'cityPath': 'italy/puglia/taranto', 'pois': []},
{'cityPath': 'italy/puglia/trani', 'pois': []},
{'cityPath': 'italy/puglia/alberobello', 'pois': []},
{'cityPath': 'italy/puglia/cisternino', 'pois': []},
{'cityPath': 'spain/madrid', 'pois': [{'path': '/spain/madrid/attractions/museo-del-prado/a/poi-sig/399599/360770', 'name': 'Museo del Prado'}, {'path': '/spain/madrid/attractions/museo-thyssen-bornemisza/a/poi-sig/399601/360770', 'name': 'Museo Thyssen-Bornemisza'}, {'path': '/spain/madrid/attractions/parque-del-buen-retiro/a/poi-sig/399603/360770', 'name': 'Parque del Buen Retiro'}, {'path': '/spain/madrid/attractions/centro-de-arte-reina-sofia/a/poi-sig/399591/360770', 'name': 'Centro de Arte Reina Sofía'}, {'path': '/spain/madrid/attractions/museo-lazaro-galdiano/a/poi-sig/1094855/360770', 'name': 'Museo Lázaro Galdiano'}, {'path': '/spain/madrid/attractions/real-academia-de-bellas-artes-de-san-fernando/a/poi-sig/1094815/360770', 'name': 'Real Academia de Bellas Artes de San Fernando'}, {'path': '/spain/madrid/attractions/plaza-mayor/a/poi-sig/399605/360770', 'name': 'Plaza Mayor'}, {'path': '/spain/madrid/attractions/plaza-de-toros-museo-taurino/a/poi-sig/1205219/360770', 'name': 'Plaza de Toros & Museo Taurino'}, {'path': '/spain/madrid/attractions/basilica-de-san-francisco-el-grande/a/poi-sig/1094816/360770', 'name': 'Basílica de San Francisco El Grande'}]},
{'cityPath': 'france/paris', 'pois': [{'path': '/france/paris/attractions/musee-du-louvre/a/poi-sig/372123/359279', 'name': 'Musée du Louvre'}, {'path': '/france/paris/attractions/cathedrale-notre-dame-de-paris/a/poi-sig/372127/359279', 'name': 'Cathédrale Notre Dame de Paris'}, {'path': '/france/paris/attractions/jardin-du-luxembourg/a/poi-sig/372163/359279', 'name': 'Jardin du Luxembourg'}, {'path': '/france/paris/attractions/centre-pompidou/a/poi-sig/372153/359279', 'name': 'Centre Pompidou'}, {'path': '/france/paris/attractions/les-catacombes/a/poi-sig/372143/359279', 'name': 'Les Catacombes'}, {'path': '/france/paris/attractions/musee-d-orsay/a/poi-sig/372151/359279', 'name': 'Musée d’Orsay'}, {'path': '/france/paris/attractions/cimetiere-du-pere-lachaise/a/poi-sig/372157/359279', 'name': 'Cimetière du Père Lachaise'}, {'path': '/france/paris/attractions/pantheon/a/poi-sig/1264241/359279', 'name': 'Panthéon'}, {'path': '/france/paris/attractions/musee-rodin/a/poi-sig/372149/359279', 'name': 'Musée Rodin'}]},
{'cityPath': 'france/nice', 'pois': [{'path': '/france/nice/attractions/vieux-nice/a/poi-sig/1196834/1322981', 'name': 'Vieux Nice'}, {'path': '/france/nice/attractions/promenade-des-anglais/a/poi-sig/1196798/1322981', 'name': 'Promenade des Anglais'}, {'path': '/france/nice/attractions/parc-du-chateau/a/poi-sig/410076/1322981', 'name': 'Parc du Château'}, {'path': '/france/nice/attractions/musee-massena/a/poi-sig/410144/1322981', 'name': 'Musée Masséna'}, {'path': '/france/nice/attractions/musee-d-art-moderne-et-d-art-contemporain/a/poi-sig/1188487/1322981', 'name': 'Musée d’Art Moderne et d’Art Contemporain'}, {'path': '/france/nice/attractions/musee-matisse/a/poi-sig/1196791/1322981', 'name': 'Musée Matisse'}, {'path': '/france/nice/attractions/port-lympia/a/poi-sig/1196848/1322981', 'name': 'Port Lympia'}, {'path': '/france/nice/attractions/musee-national-marc-chagall/a/poi-sig/1196793/1322981', 'name': 'Musée National Marc Chagall'}, {'path': '/france/nice/attractions/cathedrale-orthodoxe-russe-st-nicolas/a/poi-sig/410074/1322981', 'name': 'Cathédrale Orthodoxe Russe St-Nicolas'}]},
{'cityPath': 'france/provence/marseille', 'pois': [{'path': '/france/provence/marseille/attractions/musee-des-civilisations-de-l-europe-et-de-la-mediterranee/a/poi-sig/1226376/359286', 'name': 'Musée des Civilisations de l’Europe et de la Méditerranée'}, {'path': '/france/provence/marseille/attractions/le-panier/a/poi-sig/1195462/359286', 'name': 'Le Panier'}, {'path': '/france/provence/marseille/attractions/villa-mediterranee/a/poi-sig/1496147/359286', 'name': 'Villa Méditerranée'}, {'path': '/france/provence/marseille/attractions/basilique-notre-dame-de-la-garde/a/poi-sig/399731/359286', 'name': 'Basilique Notre Dame de la Garde'}, {'path': '/france/provence/marseille/attractions/vieux-port/a/poi-sig/1195435/359286', 'name': 'Vieux Port'}, {'path': '/france/provence/marseille/attractions/centre-de-la-vieille-charite/a/poi-sig/399733/359286', 'name': 'Centre de la Vieille Charité'}, {'path': '/france/provence/marseille/attractions/chateau-d-if/a/poi-sig/399735/359286', 'name': 'Château d’If'}, {'path': '/france/provence/marseille/attractions/musee-cantini/a/poi-sig/399743/359286', 'name': 'Musée Cantini'}, {'path': '/france/provence/marseille/attractions/la-cite-radieuse/a/poi-sig/1227036/359286', 'name': 'La Cité Radieuse'}]},
{'cityPath': 'france/burgundy-and-the-rhone/lyon', 'pois': [{'path': '/france/burgundy-and-the-rhone/lyon/attractions/musee-des-beaux-arts/a/poi-sig/417298/359234', 'name': 'Musée des Beaux-Arts'}, {'path': '/france/burgundy-and-the-rhone/lyon/attractions/basilique-notre-dame-de-fourviere/a/poi-sig/417258/359234', 'name': 'Basilique Notre Dame de Fourvière'}, {'path': '/france/burgundy-and-the-rhone/lyon/attractions/lyon-confluence/a/poi-sig/417276/359234', 'name': 'Lyon Confluence'}, {'path': '/france/burgundy-and-the-rhone/lyon/attractions/musee-des-confluences/a/poi-sig/417300/359234', 'name': 'Musée des Confluences'}, {'path': '/france/burgundy-and-the-rhone/lyon/attractions/place-des-terreaux/a/poi-sig/417316/359234', 'name': 'Place des Terreaux'}, {'path': '/france/burgundy-and-the-rhone/lyon/attractions/musees-gadagne/a/poi-sig/1192297/359234', 'name': 'Musées Gadagne'}, {'path': '/france/burgundy-and-the-rhone/lyon/attractions/parc-de-la-tete-d-or/a/poi-sig/417312/359234', 'name': "Parc de la Tête d'Or"}, {'path': '/france/burgundy-and-the-rhone/lyon/attractions/opera-de-lyon/a/poi-sig/417248/359234', 'name': 'Opéra de Lyon'}, {'path': '/france/burgundy-and-the-rhone/lyon/attractions/centre-d-histoire-de-la-resistance-et-de-la-deportation/a/poi-sig/417262/359234', 'name': "Centre d'Histoire de la Résistance et de la Déportation"}]},
{'cityPath': 'france/provence/avignon', 'pois': [{'path': '/france/provence/avignon/attractions/palais-des-papes/a/poi-sig/418483/359285', 'name': 'Palais des Papes'}, {'path': '/france/provence/avignon/attractions/pont-st-benezet/a/poi-sig/1193710/359285', 'name': 'Pont St-Bénezet'}, {'path': '/france/provence/avignon/attractions/musee-du-petit-palais/a/poi-sig/418475/359285', 'name': 'Musée du Petit Palais'}, {'path': '/france/provence/avignon/attractions/musee-angladon/a/poi-sig/418471/359285', 'name': 'Musée Angladon'}, {'path': '/france/provence/avignon/attractions/place-du-palais/a/poi-sig/1196146/359285', 'name': 'Place du Palais'}, {'path': '/france/provence/avignon/attractions/musee-lapidaire/a/poi-sig/1536129/359285', 'name': 'Musée Lapidaire'}, {'path': '/france/provence/avignon/attractions/collection-lambert/a/poi-sig/1265295/359285', 'name': 'Collection Lambert'}, {'path': '/france/provence/avignon/attractions/musee-calvet/a/poi-sig/418473/359285', 'name': 'Musée Calvet'}, {'path': '/france/provence/avignon/attractions/basilique-st-pierre/a/poi-sig/1512559/359285', 'name': 'Basilique St-Pierre'}]},
{'cityPath': 'france/southwestern-france/bordeaux', 'pois': [{'path': '/france/southwestern-france/bordeaux/attractions/la-cite-du-vin/a/poi-sig/1537668/359293', 'name': 'La Cité du Vin'}, {'path': '/france/southwestern-france/bordeaux/attractions/miroir-d-eau/a/poi-sig/1537398/359293', 'name': "Miroir d'Eau"}, {'path': '/france/southwestern-france/bordeaux/attractions/musee-du-vin-et-du-negoce/a/poi-sig/1537490/359293', 'name': 'Musée du Vin et du Négoce'}, {'path': '/france/southwestern-france/bordeaux/attractions/musee-d-aquitaine/a/poi-sig/452933/359293', 'name': "Musée d'Aquitaine"}, {'path': '/france/southwestern-france/bordeaux/attractions/musee-des-beaux-arts/a/poi-sig/452937/359293', 'name': 'Musée des Beaux-Arts'}, {'path': '/france/southwestern-france/bordeaux/attractions/musee-d-art-contemporain/a/poi-sig/452923/359293', 'name': "Musée d'Art Contemporain"}, {'path': '/france/southwestern-france/bordeaux/attractions/cathedrale-st-andre/a/poi-sig/1196013/359293', 'name': 'Cathédrale St-André'}, {'path': '/france/southwestern-france/bordeaux/attractions/tour-pey-berland/a/poi-sig/1193620/359293', 'name': 'Tour Pey Berland'}, {'path': '/france/southwestern-france/bordeaux/attractions/musee-des-arts-decoratifs-et-du-design/a/poi-sig/452935/359293', 'name': 'Musée des Arts Décoratifs et du Design'}]},
{'cityPath': 'france/cote-dazur/cannes', 'pois': [{'path': '/france/cote-dazur/cannes/attractions/la-croisette/a/poi-sig/1227608/359252', 'name': 'La Croisette'}, {'path': '/france/cote-dazur/cannes/attractions/iles-de-lerins/a/poi-sig/1270506/359252', 'name': 'Îles de Lérins'}, {'path': '/france/cote-dazur/cannes/attractions/palais-des-festivals-et-des-congres/a/poi-sig/1188653/359252', 'name': 'Palais des Festivals et des Congrès'}, {'path': '/france/cote-dazur/cannes/attractions/la-malmaison/a/poi-sig/428884/359252', 'name': 'La Malmaison'}, {'path': '/france/cote-dazur/cannes/attractions/vieux-port/a/poi-sig/428900/359252', 'name': 'Vieux Port'}, {'path': '/france/cote-dazur/cannes/attractions/le-suquet/a/poi-sig/1196940/359252', 'name': 'Le Suquet'}, {'path': '/france/cote-dazur/cannes/attractions/hotel-de-ville/a/poi-sig/1251682/359252', 'name': 'Hôtel de Ville'}]},
{'cityPath': 'france/alsace-and-lorraine/strasbourg', 'pois': [{'path': '/france/alsace-and-lorraine/strasbourg/attractions/cathedrale-notre-dame/a/poi-sig/417553/359225', 'name': 'Cathédrale Notre-Dame'}, {'path': '/france/alsace-and-lorraine/strasbourg/attractions/palais-rohan/a/poi-sig/417575/359225', 'name': 'Palais Rohan'}, {'path': '/france/alsace-and-lorraine/strasbourg/attractions/grande-ile/a/poi-sig/417559/359225', 'name': 'Grande Île'}, {'path': '/france/alsace-and-lorraine/strasbourg/attractions/petite-france/a/poi-sig/417579/359225', 'name': 'Petite France'}, {'path': '/france/alsace-and-lorraine/strasbourg/attractions/musee-de-l-oeuvre-notre-dame/a/poi-sig/417569/359225', 'name': 'Musée de l’Œuvre Notre-Dame'}, {'path': '/france/alsace-and-lorraine/strasbourg/attractions/musee-d-art-moderne-et-contemporain/a/poi-sig/1400306/359225', 'name': 'Musée d’Art Moderne et Contemporain'}, {'path': '/france/alsace-and-lorraine/strasbourg/attractions/grande-mosquee-de-strasbourg/a/poi-sig/1489262/359225', 'name': 'Grande Mosquée de Strasbourg'}, {'path': '/france/alsace-and-lorraine/strasbourg/attractions/barrage-vauban/a/poi-sig/1262509/359225', 'name': 'Barrage Vauban'}, {'path': '/france/alsace-and-lorraine/strasbourg/attractions/jardin-des-deux-rives/a/poi-sig/417561/359225', 'name': 'Jardin des Deux Rives'}]},
{'cityPath': 'france/provence/aix-en-provence', 'pois': [{'path': '/france/provence/aix-en-provence/attractions/musee-granet/a/poi-sig/475694/359282', 'name': 'Musée Granet'}, {'path': '/france/provence/aix-en-provence/attractions/caumont-centre-d-art/a/poi-sig/1536084/359282', 'name': 'Caumont Centre d’Art'}, {'path': '/france/provence/aix-en-provence/attractions/cours-mirabeau/a/poi-sig/1229369/359282', 'name': 'Cours Mirabeau'}, {'path': '/france/provence/aix-en-provence/attractions/vieil-aix/a/poi-sig/1195975/359282', 'name': 'Vieil Aix'}, {'path': '/france/provence/aix-en-provence/attractions/camp-des-milles/a/poi-sig/1227619/359282', 'name': 'Camp des Milles'}, {'path': '/france/provence/aix-en-provence/attractions/bastide-du-jas-de-bouffan/a/poi-sig/1227638/359282', 'name': 'Bastide du Jas de Bouffan'}, {'path': '/france/provence/aix-en-provence/attractions/carrieres-de-bibemus/a/poi-sig/1227646/359282', 'name': 'Carrières de Bibemus'}, {'path': '/france/provence/aix-en-provence/attractions/atelier-cezanne/a/poi-sig/475684/359282', 'name': 'Atelier Cézanne'}, {'path': '/france/provence/aix-en-provence/attractions/cathedrale-st-sauveur/a/poi-sig/475686/359282', 'name': 'Cathédrale St-Sauveur'}]},
{'cityPath': 'france/toulouse', 'pois': [{'path': '/france/toulouse/attractions/cite-de-l-espace/a/poi-sig/1192993/1003054', 'name': 'Cité de l’Espace'}, {'path': '/france/toulouse/attractions/couvent-des-jacobins/a/poi-sig/1192995/1003054', 'name': 'Couvent des Jacobins'}, {'path': '/france/toulouse/attractions/basilique-st-sernin/a/poi-sig/1065219/1003054', 'name': 'Basilique St-Sernin'}, {'path': '/france/toulouse/attractions/place-du-capitole/a/poi-sig/1065217/1003054', 'name': 'Place du Capitole'}, {'path': '/france/toulouse/attractions/musee-des-augustins/a/poi-sig/1065216/1003054', 'name': 'Musée des Augustins'}, {'path': '/france/toulouse/attractions/capitole/a/poi-sig/1065224/1003054', 'name': 'Capitole'}, {'path': '/france/toulouse/attractions/fondation-bemberg/a/poi-sig/1457533/1003054', 'name': 'Fondation Bemberg'}, {'path': '/france/toulouse/attractions/les-abattoirs/a/poi-sig/1065232/1003054', 'name': 'Les Abattoirs'}, {'path': '/france/toulouse/attractions/canal-du-midi/a/poi-sig/1065221/1003054', 'name': 'Canal du Midi'}]}